{
	"info": {
		"_postman_id": "ff6d4384-8585-4f57-a4ad-9dfd8418dcf1",
		"name": "Junit",
		"schema": "https://schema.getpostman.com/json/collection/v2.1.0/collection.json"
	},
	"item": [
		{
			"name": "Factorial",
			"request": {
				"method": "GET",
				"header": [],
				"url": {
					"raw": "http://localhost:8081/api/math/factorial/5",
					"protocol": "http",
					"host": [
						"localhost"
					],
					"port": "8081",
					"path": [
						"api",
						"math",
						"factorial",
						"5"
					]
				}
			},
			"response": []
		},
		{
			"name": "Reverse",
			"protocolProfileBehavior": {
				"disableBodyPruning": true
			},
			"request": {
				"method": "GET",
				"header": [],
				"body": {
					"mode": "raw",
					"raw": "",
					"options": {
						"raw": {
							"language": "json"
						}
					}
				},
				"url": {
					"raw": "http://localhost:8081/api/math/reverse?number=1234",
					"protocol": "http",
					"host": [
						"localhost"
					],
					"port": "8081",
					"path": [
						"api",
						"math",
						"reverse"
					],
					"query": [
						{
							"key": "number",
							"value": "1234"
						}
					]
				}
			},
			"response": []
		},
		{
			"name": "Fibonacci",
			"request": {
				"method": "GET",
				"header": [],
				"url": {
					"raw": "http://localhost:8081/api/math/fibonacci/10",
					"protocol": "http",
					"host": [
						"localhost"
					],
					"port": "8081",
					"path": [
						"api",
						"math",
						"fibonacci",
						"10"
					]
				}
			},
			"response": []
		},
		{
			"name": "All",
			"request": {
				"method": "POST",
				"header": [],
				"body": {
					"mode": "raw",
					"raw": "{\r\n  \"operation\": \"reverse\",\r\n  \"number\": 524\r\n}\r\n",
					"options": {
						"raw": {
							"language": "json"
						}
					}
				},
				"url": {
					"raw": "http://localhost:8081/api/math/operation",
					"protocol": "http",
					"host": [
						"localhost"
					],
					"port": "8081",
					"path": [
						"api",
						"math",
						"operation"
					]
				}
			},
			"response": []
		}
	]
}